ID;deutsche Bezeichnung;Reich;Familie;Gattung;Art;Variation;Höhe max [cm];Etage;Wurzel;Wurzeltyp;Tiefe der Wurzeln;einjährig;mehrjährig;Raunkiaer;krautig;ausdauernd;sommergrün;immergrün;winterhart;Philie;Lichtzahl (L);Schatten;Halbschatten ;Vollsonne;Temperaturzahl (T);Temperaturminimum;Durchschnittliche minimale Temperatur [in °C];Feuchtigkeit (F);Bodenfeuchte;Boden;Sand;Lehm;durchlässig;locker;humusreich;humusarm;Kalkhaltig;Wasser;Steine;Trockenheitsresistenz;Hang;Salztoleranz;Kontinentalitätszahl (K);Reaktionszahl (R);Nährstoffzahl (N);Pflanzengesellschaft;ph;PH ideal;Nutzen;Funktion;Produkte;Bau;Fasern;Mulchmaterial;Gründünger;Stickstofffixierung;Boden lockernd;Giftig;Warnung;Blütezeit;Farbe Blüte;Bunte Blüte;Nektar;Pollen;Blüht am x Jährigen Trieb;Erntereif nach x Tagen;Erntemethode;Schnitt;Vermehrung;Bestäubung;Bestäubung.1;beneficial Insects ;Nützling;Nisthilfe;Verbreitung;Population;Rote Liste;Neophyt;bedrohte Art;Schutzbedarf;Vorhandene Samen;Hybride mit;Überdauerungsorgan;Pflanzschema;Beipflanzung ;Beipflanzung;Vorfrucht;USDA;USDA.1;RHS;RHS.1;Strategoe;Kohlenstofffixierung;
1;Ackerbohne ;Plantae;Fabaceae;Vicia;faba;;120;5;x;Pfahlwurzel;180;x;-;T;x;-;x;-;-;-;L6;-;x;x;T6;-15;-15;F5;mäßig feucht;durchlässig;-;x;x;x;x;-;-;-;-;-;-;-;K4;R6;N7;-;6.0-7.5;7.0;E;Nutzpflanze;Bohnen;-;-;-;x;x;-;-;-;Mai-Juli;weiß;-;x;x;einjährig;120-150;Pflücken;-;Aussaat;Insektenbestäubung;Bienen;x;x;-;-;-;-;-;-;-;-;-;-;Beipflanzung;Vorfrucht;-;Z3;-;H7;-;-;-;
2;Amsel;Metazoa;Turdidae;Turdus;merula;-;25;-;-;-;-;-;-;-;-;-;-;-;x;-;-;-;-;-;-;-;-;-;-;-;-;-;-;-;-;-;-;-;-;-;-;-;-;-;-;-;-;-;-;-;-;-;-;-;-;-;-;-;-;-;-;-;-;-;-;-;-;-;-;-;-;-;-;-;-;-;-;-;-;-;-;-;-;-;-;-;-;-;-;-;-;-;-;-;-;-;-;-;-;-;-;-;-;-;-;-;-;-;-;-;-;-;-;-;-;-;-;-;-;-;-;-;-;
3;Apfrikose;Plantae;Rosaceae;Prunus;armeniaca;;400;2;x;Herzwurzel;200;-;x;P;x;x;-;-;x;-;L6;-;x;x;T6;-5;-20;F4;mäßig feucht;durchlässig;-;x;x;x;x;-;-;-;-;-;-;-;K4;R6;N5;-;6.0-7.0;6.5;E;Obstbaum;Aprikosen;-;-;-;-;-;-;-;-;April-Mai;weiß-rosa;x;x;x;2;120-150;Pflücken;Schnitt;Veredelung;Insektenbestäubung;Bienen;x;x;-;-;-;-;-;-;-;-;-;-;-;-;-;Z4;-;H6;-;-;-;
4;Aronia;Plantae;Rosaceae;Aronia;arbutifolia;;200;3;-;Flachwurzel;100;-;x;C;x;x;-;-;x;-;L5;-;x;x;T5;-25;-25;F5;mäßig feucht;humusreich;-;x;x;x;x;-;x;-;-;-;-;-;K3;R5;N4;-;4.5-6.5;5.5;E;Obststrauch;Aroniabeeren;-;-;-;-;-;-;-;-;Mai-Juni;weiß;-;x;x;2;90-120;Pflücken;Schnitt;Stecklinge;Insektenbestäubung;Bienen;x;x;-;-;-;-;-;-;-;-;-;-;-;-;Z3;-;H7;-;-;-;
5;Aronia Melanocarpa;Plantae;Rosaceae;Aronia;melanocarpa;;300;3;-;Flachwurzel;120;-;x;C;x;x;-;-;x;-;L5;-;x;x;T5;-25;-25;F5;mäßig feucht;humusreich;-;x;x;x;x;-;x;-;-;-;-;-;K3;R5;N4;-;4.5-6.5;5.5;E;Obststrauch;Aroniabeeren;-;-;-;-;-;-;-;-;Mai-Juni;weiß;-;x;x;2;90-120;Pflücken;Schnitt;Stecklinge;Insektenbestäubung;Bienen;x;x;-;-;-;-;-;-;-;-;-;-;-;-;Z4;-;H7;-;-;-;
6;Austern-Seitling;Fungi;Pleurotaceae;Pleurotus;ostreatus;-;-;-;-;-;-;-;-;-;-;-;-;-;-;-;-;-;-;-;-;-;-;-;-;-;-;-;-;-;-;-;-;-;-;-;-;-;-;-;-;-;-;-;-;-;-;-;-;-;-;-;-;-;-;-;-;-;-;-;-;-;-;-;-;-;-;-;-;-;-;E;-;-;-;-;-;-;-;-;-;-;-;-;-;-;-;-;-;-;-;-;-;-;-;-;-;-;
7;Bärlauch;Plantae;Amaryllidaceae;Allium;ursinum;-;50;5;-;-;-;x;G;x;-;-;-;-;-;L2;-;-;-;-;-;-;F6;-;-;-;-;-;-;-;-;-;-;-;-;-;-;-;-;-;-;-;-;-;-;-;-;-;-;-;-;-;-;-;-;-;-;-;-;-;-;E;P;-;-;-;-;-;-;-;-;-;-;-;-;-;-;-;-;-;-;-;-;-;-;-;-;-;-;
8;Basilikum;Plantae;Lamiaceae;Ocimum;basilicum;;60;4;-;Flachwurzel;25;x;-;T;x;-;x;-;-;-;L6;-;x;x;T7;10;5;F5;mäßig feucht;durchlässig;-;x;x;x;x;-;-;-;-;-;-;-;K4;R6;N6;-;6.0-7.5;6.5;E;Gewürzpflanze;Blätter;-;-;-;-;-;-;-;-;Juni-September;weiß;-;x;x;einjährig;60-90;Pflücken;Schnitt;Aussaat;Insektenbestäubung;Bienen;x;x;-;-;-;-;-;-;-;-;-;-;-;-;Z9;-;H1;-;-;-;;;;;
9;Beinwell;Plantae;;;;;;;;;;;;T;;;;;;;;;;;;;;;;;;;;;;;;;;;;;;;;;;;E M;;;;;;;;;;;;R W Ge;;;;;;;;;;;;;;;;;;;;;;;;;;;;;;;;;
10;Berg-Bohnenkraut;Plantae;Lamiaceae;Satureja;montana;;40;4;;;;;x;C;;;;;;;;;;;;;;;;;;;;;;;;;;;;;;;;;;;E;;;;;;;;;;;;;;;;;;;;;;;;;;;;;;;;;;;;;;;;;;;;;
11;Berliner lauch;Plantae;Amaryllidaceae;Allium;Paradoxum;;30;5;;;;;;G;;;;;;;;;;;;;;;;;;;;;;;;;;;;;;;;;;;E M;;;;;;;;;;;;;;;;;;;;S U;;;;;;;;;;;;;;;;;;;;;;;;;
12;Besenginster;Plantae;;Cytisus;scoparius;;250;3;;;;;x;;;;;x;;; +;;;;;;;;;;;;;;;;;;;;;;;;;;;;N;;;;;;;x;;;;;;;;;;;;;;B;;;;;;;;;;;;;;;;;;Z5;;H7;;;;
13;Birke;Plantae;Betulaceae;Betula;;;;1;;;;;;;;;;;;;;;;;;;;;;;;;;;;;;;;;;;;;;;;;E;;;;;;;;;;A;;;;;;;;;;;;;;;;;;;;;;;;;;;;;;;;;;;
14;Birne;Plantae;;;;;;2;;;;;;;;;;;;;;;;;;;;;;;;;;;;;;;;;x;;;;;;;;;;;;;;;;;;;;;;;;;;;;;;;;;;;;;;;;;;;;;;;;;;;;;
15;Blauglockenbaum;Plantae;Lardizabalaceae;Paulownia;tomentosa;;;;;;;;x;;;;;;;;;;;;;;;;;;;;;;;;;;;;;;;;;;;;E;;;;;;;;;;;;;;;;;;;;;;;;;;;;;;;;;;;;;;;;;;;;;
16;Blaugurkenbaum;Plantae;(Lardizabalaceae);Decaisnea;fargesii;;;;;;;;x;;;;;;;;;;;;;;;;;;;;;;;;;;;;;;;;;;;;E;;;;;;;;;;;;;;;;;;;;;;;;;;;;;;;;;;;;;;;;;;;;;
17;Blumenkohl;Plantae;;Brassica;oleracea var. botrytis;;;4;;;;;;;;;;;;;;x;x;x;;;;;;;;;;;;;;;;;;;;;;;;;E;;;;;;;;;;;;;;;;;;;;;;;;;;;;;;;;;;;;;;;;;;;;;
18;Brennnessel;Plantae;;;;;100;4;;;;;x;;x;;;;;;;x;x;;;;;;feucht;;;;;;;;;;;;;;;;;;;;E M;;;;;;x;;;;;;;;;;;;;;;;;;;;;;;;;;;;;;x;;;;;;;;;
19;Darjeeling-Banane;Plantae;;Musa;sikkimensis;;;;;;;;;;;;;;;;;;;;;;;;;;;;;;;;;;;;;;;;;;;;E;;;;;;;;;;;;;;;;;;;;;;;;;;;;;;;;;;;;;;;;;;;;;
20;Dilll;Plantae;;;;;;4;;;;;;;;;;;;;;;;;;;;;;;;;;;;;;;;;;;;;;;;;E;;;;;;;;;;;;;;;;;;;;;;;;;;;;;;;;;;;;;;;;;;;;;
21;Echter Salbei;Plantae;Lamiaceae;Salvia;officinalis;;;4;;;;;;;;;;;;;;;;;;;;;;;;;;;;;;;;;;;;;;;;;E;;;;;;;;;;;;;;;;;;;;;;;;;;;;;;;;;;;;;;;;;;;;;
22;Echter Thymian;Plantae;Lamiaceae;Thymus;vulgaris;;;4;;;;;;;;;;;;;;;;;;;;;;;;;;;;;;;;;;;;;;;;;E;;;;;;;;;;;;;;;;;;;;;;;;;;;;;;;;;;;;;;;;;;;;;
23;Efeu;Plantae;Araliaceae;Hedera;helix;;;7;;;;;x;P;;;;;;;;;;;;;;;;;;;;;;;;;;;;;;;;;;;Z I V B;;;;;;;;;;;;;;;;;;;;;;;;;;;;;;;;;;;;;;;;;;;;;
24;Eibe;Plantae;Taxaceae;Taxus;;;;;;;;;;;;;;;;;;;;;;;;;;;;;;;;;;;;;;;;;;;;;E;;;;;;;;;;;;;;;;;;;;;;;;;;;;;;;;;;;;;;;;;;;;;
25;Eichblatt grün;Plantae;Asteraceae;Lactuca;Sativa var. crispa;;;5;;;;;;;;;;;;;;;;;;;;;;;;;;;;;;;;;;;;;;;;;E;;;;;;;;;;;;;;;;;;;;;;;;;;;;;;;x;;;;;;;;;;;;;;
26;Eichblatt rot;Plantae;Asteraceae;Lactuca;Sativa var. crispa;;;5;;;;;;;;;;;;;;;;;;;;;;;;;;;;;;;;;;;;;;;;;E;;;;;;;;;;;;;;;;;;;;;;;;;;;;;;;x;;;;;;;;;;;;;;
27;Eichhörnchen;Metazoa;Sciuridae;Sciurus;;;;;;;;;;;;;;;;;;;;;;;;;;;;;;;;;;;;;;;;;;;;;;;;;;;;;;;;;;;;;;;;;;;;;;;;;;;;;;;;;;;;;;;;;;
28;Elster;Metazoa;Corvidae;Pica;pica;;;;;;;;;;;;;;;;;;;;;;;;;;;;;;;;;;;;;;;;;;;;;;;;;;;;;;;;;;;;;;;;;;;;;;;;;;;;;;;;;;;;;;;;;
29;Endivie;Plantae;Asteraceae;Cichorium;endivia;;70;5;;;;;;;;;;;;;L4;;;;T4;;;F3;;;;;;x;x;;;;;;;;K2;R3;N4;;;;;;;;;;;;;;;;;;;;;;;;;;;;;;;;;;;x;;;;;;;;;;;;;;
30;Erbse;Plantae;;;;;;7;;;;;;;;;;;;;;x;x;x;;;;;;;;;;;;;;;;;;;;;;;;;E;;;;;;;;;;;;;;;;;;;;;;;;;;;;;;;;;;;b;;;;;;;;;;
31;Eßbarer Hornklee;Plantae;;Lotus;corniculatus;;;;;;;;;;;;;;;;;;;;;;;;;;;;;;;;;;;;;;;;;;;;E;;;;;;;;;;;;;;;;;;;;;;;;;;;;;;;;;;;;;;;;;;;;;
32;Esche;Plantae;;;;;;1;;;;;;;;;;;;;;;;;;;;;;;;;;;;;;;;;;;;;;;;;;;;;;;;;;;;;;;;;;;;;;;;;;;;;;;;;;;;;x;;;;;;;;;
33;Europäische Stechpalme;Plantae;Aquifoliaceae;Ilex;aquifolium;;;;;;;;x;;;;;;;;;;;;;;;;;;;;;;;;;;;;;;;;;;;;;;;;;;;;;;;;;;;;;;;;;;;;;;;;;;;;;;;;;;;;;;;;;
34;Fasernessel;Plantae;Urticacea;Urtica;dioica;;;;;;;;;;;;;;;;;;;;;;;F6;;;-;x;;;;;;;;;;;;R7;N8;;;;;;;;x;;;;;;;;;;;;;;;;;;;;;;;;;;;;;;;;;;;;;;;;;
35;Feld-Steinquendel;Plantae;Lamiaceae;Acinos;arvensis;;;;;;;x;;;;;;;;;;;;;;;;;;;;;;x;;x;x;;;;;;;;;;;;;;;;;;;;;;;;;;;;;;;;;B;;;;;;;;;;;;;;;;;;;;;;;;
36;Fichte;Plantae;;;;;;1 2;;;;;x;;;x;;x;x;;;;x;x;;;x;;;;;;;;;;;;;;;;;;;;;;H;;;;;;;;;;;;;;;;;;;;;;;;;;;;;;;;;;;;;;;;;;;;;
37;Frühlings-Adonisröschen;Plantae;Ranunculaceae;Adonis;vernalis;;40;4;;x;;;;;x;x;;;;;;;;;;;;;;;;;;;;;;;;;;;;;;;;;;;;;;;;;;;;;;;;x;;;;;;;;;;;;;;;;;;;;;;;;;;;;;;
38;Fuchs;Metazoa;Canidae;Vulpes;vulpes;;;;;;;;;;;;;;;;;;;;;;;;;;;;;;;;;;;;;;;;;;;;;;;;;;;;;;;;;;;;;;;;;;;;;;;;;;;;;;;;;;;;;;;;;
39;Gelber Senf;Plantae;;;;;;;;;;;;;;;;;;;;;;;;;;;;;;;;;;;;;;;;;;;;;;;E;;;;;;x;;;;;;;;;;;;;;;;;;;;;;;;;;;;;;;;;;;;;;;
40;Gemeine Hasel;Plantae;Betulaceae;Corylus;avellana;;;2;;;;;x;;;;x;;;;;;;;;;;;;;;;;;;;;;;;x;;;;;;;;E;;Haselnusscreme, Nusscreme, Armbrustbögen, Langbögen;;;;;;;;A;;;;;;;;;;;;;;;;;;;;;;;;;;;;;;;;;;;
41;Gemeine Wegwarte (Zichorie);Plantae;Asteraceae;Cichorium;intybus;;30;;x;;Tiefwurzler;;;;;;;;;;L9;;;;T6;;;F4;;;;;;;;;;;;;;;K5;R8;N5;;;;E;P;;;;;;;;;;;;;;;;;;;;;;;;;;;;;;x;;;;;;;;;;;;;;
42;Gemeiner Flieder;Plantae;Oleaceae;Syringa;vulgaris;;600;3;;;;;;;;;;;;;L5;;;;T8;;;F6;;;;;;;;;;;;;;;K6;R7;N5;;;;;;;;;;;;;;I;;;;;;;;;;;;;;;;;;;;;;;;;;;;;;;;;;;
43;Gemeiner Lein;Plantae;Linaceae;Linum;usitatissimum;;100;4;;;;x;;;;;;;;;;;;;;;;;;;;;;;;;;;;;;;;;;;;;E;;;;x;;;;;;;;;;;;;;;;;;;;;;;;;;;;;;;;;;;;;;;;;
44;Gewöhnliche Berberitzen;Plantae;;Berberis;vulgaris;;300;3;;;;;x;;;;x;;x;;;;;;;;;;;;;;;;;;;;;;;;;;;;;;?;P;;;;;;;;;;5, 6;;;;;;;;;;;;;;;;;;;;;;;;;;;;Z3;;H8;;;;
45;Gewöhnliche Mahonie;Plantae;;Berberis;aquifolium;;180;3;;;;;;;;;;x;;;L3;;;;T8;;;F5;;;;;;;;;;;;;;;K4;R6;N5;;;;E;;;;;;;;;;;;;;;;;;;;;;;;;;;;;;;;;;;;;;;;;;;;;
46;Gewöhnliche Wiesen-Schafgarbe;Plantae;Asteraceae;Achillea;millefolium;;100;4;;;;;;;;x;;;x;;;;;;;;;;;;;;;;;;;;;;;;;;;;;;;;;;;;;;;;;;;;;;;;;;;;;;;;;;;;;;;;;;;;;;;;;;;
47;Gewöhnlicher Beinwell;Plantae;Boraginaceae;Symphytum;officinale;;60;4;x;;;;;;x;x;x;;;;T7;;;;T6;;;F8;;;;;;;;;;;;;;;K3;;N8;;;;E;;;;;x;;;;;;;;;;;;;;;;;;;;;;;;;;;;;;;x;;;;;;;;;
48;Ginkgo;Plantae;Ginkgoaceae;Ginkgo;biloba;;;1;;;;;x;;;;;;;;;;;;;;;;;;;;;;;;;;;;;;;;;;;;;;;;;;;;;;;;;;;;;;;;;;;;;;;;;;;;;;;;;;;;;;;;;
49;Goldrute;Plantae;Asteraceae;Solidago;canadensis;;;4;;;;;;;;;;;;;;;;;;;;;;;;;;;;;;;;;;;;;;;;;E;P;;;;;;;;;;;;;;;;;;;;;;;;;;;;;;;;;;;;;;;;;;;;
50;Götterbaum;Plantae;Simaroubaceae;Ailanthus;altissima;;;1;;;;;;;;;;;;;;;;;;;;;;;;;;;;;;;;;;;;;;;5.0-7.5;;;P;;;;;;;;;I;;;;;;;;;;;;;;;;;;;;;;;;;;;;;;;;;;;
51;Grau-Erle;Plantae;Betulaceae;Alnus;incana;;2500;1;;;;;x;;;;x;;x;;L6;;;;T4;;;F7;;;;;;;;;;;;;;;;R8;;;;;N;P;;;;;;;;;A;;;;;;;;;;;;;;;;;;;;;;;;;;x;;;;;;;;;
52;Große Fetthenne;Plantae;;Sedum;telephium;;;;;;;;;;;;;;;;;;;;;;;;;;;;;;;;;;;;;;;;;;;;E;;;;;;;;;;;;;;;;;;;;;;;;;;;;;;;;;;;;;;;;;;;;;
53;Großfrüchtige Moosbeere;Plantae;;Vaccinium;macrocarpon;;;5;;;;;;;;;;x;x;;;;;;;;;;;;;;;;;;;;;;;;;;;;acid;;E;;;;;;;;;;;;;;;;;;;;;;;;;;;;;;;;;;;;;;;Z2;;H7;;;;
54;Grün-Erle;Plantae;Betulaceae;Alnus;viridis;;600;2;;;;;x;;;;x;;x;;L7;;;;T3;;;F6;;;;;;;;;;;;;;;;R5;N7;;;;N;P;;;;;;;;;A;;;;;;;;;;;;;;;;;;;;;;;;;;x;;;;;;;;;
55;Grüne Melde;Plantae;Amaranthaceae;Atriplex;;;;;;;;;;;;;;;;;;;;;;;;;;;;;;;;;;;;;;;;;;;;;E;;;;;;;;;;;;;;;;;;;;;;;;;;;;;;;;;;;;;;;;;;;;;
56;Guter Heinrich, wilder Spinat;Plantae;;Blitum;bonus-henricus;;;4;;;;;;;;;;;;;;;;;;;;;;;;;;;;;;;;;;;;;;;;;E;;;;;;;;;;;;;;;;;;;;;;;;;;;;;;;;;;;;;;;;;;;;;
57;Haushuhn;Metazoa;Phasianidae;Gallus;gallus;;;;;;;;;;;;;;;;;;;;;;;;;;;;;;;;;;;;;;;;;;;;E;;;;;;;;;;;;;;;;;;;;;;;;;;;;;;;;;;;;;;;;;;;;;
58;Heidelbeere;Plantae;;Vaccinium;myrtillus ;;;3;;;;;x;;;;;;;;;;;;;;;;;;;;;;;;;;;;;;;;;;;;E;;;;;;;;;;;;;;;;;;;;;;;;;;;;;;;;;;;;;;;;;;;;;
59;Herzblättrige Bergenie;Plantae;Saxifragaceae;Bergenia;cordifolia;;40;4;;;;;;;;x;;x;;;;;;;;;;;;;;;;;;;;;;;;;;;;;;;E;;;;;;;;;;;;;;;;;;;;;;;;;;;;;;;;;;;;;;;;;;;;;
60;Himalaja-Bergenie;Plantae;Saxifragaceae;Bergenia;stracheyi;;;4;;;;;;;;x;;x;;;;;;;;;;;;;;;;;;;;;;;;;;;;;;;E;;;;;;;;;;;;;;;;;;;;;;;;;;;;;;;;;;;;;;;;;;;;;
61;Himbeere;Plantae;Rosaceae;Rubus;idaeus;;;3;;;;;;;;;;;;;;x;x;;;;;;;;;;;;;;;;;;;;;;;;;;E;;;;;;;;;;;;;;;;;;;;;;;;;;;;;;;;;;;;;;;;;;;;;
62;Holunder Korsor;Plantae;;Sambucus;nigra Korsor;;400;3;;;;;;;;;x;;x;;;;;;;;;;;;;;;;;;;;;;;;;;;;;;E;;;;;;;;;;;;;;;;;;;;;B;;;;;;;;;;;;;;;;;;Z5;;H7;;;;
63;Honigbiene;Metazoa;Apidae;Apis;mellifera;;;;;;;;;;;;;;;;;;;;;;;;;;;;;;;;;;;;;;;;;;;;E;;;;;;;;;;;;;;;;;;;;;;;;;;;;;;;;;;;;;;;;;;;;;
64;Inkarnatklee;Plantae;;Trifolium;incarnatum;;;;;;;;;;;;;;;;;;;;;;;;;;;;;;;;;;;;;;;;;;;;N;;;;;;x;x;;;;;;;;;;;;;;;;;;;;;;;;;;;;;;;;;;;;;;
65;Japanische Blütenkirsche;Plantae;Rosaceae;Prunus;serrulata;;800;;;;;;x;;;;x;;;;;;;;;;;;;;;;;;;;;;;;;;;;;;;;E;;;;;;;;;;;;;;;;;;;;;;;;;;;;;;;;;;;;;;;;;;;;;
66;Judasbaum;Plantae;Fabaceae;Cercis;siliquastrum;;;;;;;;;;;;;;;;;;;;;;;;;;;;;;;;;;;;;;;;;;;;E;;;;;;;;;;;;;;;;;;;;;;;;;;;;;;;;;;;;;;;;;;;;;
67;Kaki;Plantae;;Diospyros;kaki ;;;;;;;;;;;;;;;;;;;;;;;;;;;;;;;;;;;;;;;;;;;;E;;;;;;;;;;;;;;;;;;;;;;;;;;;;;;;;;;;;;;;;;;;;;
68;Kamille;Plantae;Asteraceae;Matricaria;chamomilla;;60;4;;;;x;;;x;;;;;;L7;;;;T6;;;F5;;;;;;;;;;;;;;;K5;R5;N5;;;;E;;;;;;;;;;;;;;;;;;;;;;;;;;;;;;;;;;;;;;;;;;;;;
69;Kanadischer Judasbaum;Plantae;Fabaceae;Cercis;canadensis;;800;;;;;;;;;;;;;;;;;;;;;;;;;;;;;;;;;;;;;;;;;;;;;;;;;;;;;;;;;;;;;;;;;;;;;;;;;;;;;;;;;;;;;;;
70;Kartoffel;Plantae;Solanaceae;Solanum;tuberosum;;100;4 6;;;;;;;x;x;;;;;L7;;;;T6;;;F5;;;;;;;;;;;;;;;K4;R6;N7;VB;;;E;;;;;;;;;;;;;;;;;;;;;;;;;;;;;;;;;;;;;;;;;;;;;
71;Kaschmir-Bergenie;Plantae;Saxifragaceae;Bergenia;ciliata;;;4;;;;;;;;x;;;;;;;;;;;;;;;;;;;;;;;;;;;;;;;;;E;;;;;;;;;;;;;;;;;;;;;;;;;;;;;;;;;;;;;;;;;;;;;
72;Kirsche;Plantae;Rosaceae;Prunus;?;;;2;;;;;x;;;;;;;;;;;;;;;;;;;;;;;;;;;;;;;;;;;;E;;;;;;;;;;;;;;;;;;;;;;;;;;;;;;;;;;;;;;;;;;;;;
73;Kirschpflaume;Plantae;Rosaceae;Prunus;cerasifera;;800;;;;;;;;;;;;;;;;;;;;;;;;;;;;;;;;;;x;;;;;;;;E;;;;;;;;;;;;;;;;;;;;;B;;;;;;;;;;;;;;;;;;;;;;;;
74;Knoblauch;Plantae;;;;;;4 6;;;;;;;;;;;;;;;;;;;;;;;;;;;;;;;;;;;;;;;;;E;;;;;;;;;;;;;;;;;;;;;;;;;;;;;;;;;;;;;;;;;;;;;
75;Kohlmeise;Metazoa;Paridae;Parus;major;;;;;;;;;;;;;;;;;;;;;;;;;;;;;;;;;;;;;;;;;;;;;;;;;;;;;;;;;;;;;;;;;;;;;;;;;;;;;;;;;;;;;;;;;
76;Kohlrabi;Plantae;;Brassica;oleracea var. gongylodes;;;4;;;;;;;;;;;;;;x;x;;;;;;;;;;;;;;;;;;;;;;;;;;E;;;;;;;;;;;;;;;;;;;;;;;;;;;;;;;;;;;;;;;;;;;;;
77;Kopfsalat;Plantae;Asteraceae;Lactuca;Sativa;;100;5;;;;x;;;;;;;;;L4;x;x;;T4;;;F3;;;;;;;;;;;;;;;K3;R3;N4;;<5.5;;E;;;;;;;;;;;;;;;;;60-120;;;;;;;;;;;;;;x;;;;;;;;;;;;;;
78;Korallen-Ölweide;Plantae;;Elaeagnus;umbelata serinius;;;3;;;;;;;;;;;;; +;x;x;;;;;;0 -;;;;;;;;;;;;;;;;;;;;E N;P;;;;;;;;;;;;;;;;;;;;B;;;;;;;;;;;;;;;;;;;;;;;;
79;Korallen-Ölweide;Plantae;Elaegnaceae;Elaegnus;umbellata;;;;;;;;x;;;;;;;;;;;;;;;;;;;;;;;;;;;;;;;;;;;;E N;;;;;;;;;;;;;;;;;;;;;;;;;;;;;;;;;;;;;;;;;;;;;
80;Kornellkirsche / Schein Hasel;Plantae;;;;;;;;;;;;;;;;;;;;;;;;;;;;;;;;;;;;;;;;;;;;;;;E;;;;;;;;;;;;;;;;;;;;;;;;;;;;;;;;;;;;;;;;;;;;;
81;Kulturhanf;Plantae;;Cannabis;sativa;;;3;;;;;;;;;;;;;;;;;;;;;;;;;;;;;;;;;;;;;;;;;E;;;;;;;;;;;;;;;;;;;;;;;;;;;;;;;;;;;;;;;;;;;;;
82;Kulturheidelbeere Bluegold;Plantae;;Vaccinium;corymbosum Bluegold;;150;3;;;;;;;;;;;;; +;x;x;;;;;;;;;;;;;;;;;;;;;;;;;4,5 - 5,5;E;;;;;;;;;;;;;;;;;;;;;;;;;;;;;;;;;;;;;;;;;;;;;
83;Kulturheidelbeere Chandler;Plantae;;Vaccinium;corymbosum Chandler;;150;3;;;;;;;;;;;;;;x;x;;;;;;;;;;;;;;;;;;;;;;;;;5,7;E;;;;;;;;;;;;;;;;;;;;;;;;;;;;;;;;;;;;;;;;;;;;;
84;Kulturheidelbeere Elliot;Plantae;;Vaccinium;corymbosum Elliot;;200;3;;;;;;;;;;;;; +;x;x;;;;;;;;;;;;;;;;;;;;;;;;;niedrig;E;;;;;;;;;;;;;;;;;;;;;;;;;;;;;;;;;;;;;;;;;;;;;
85;Kulturheidelbeere Northcountry;Plantae;;Vaccinium;corymbosum Northcountry;;100;3;;;;;;;;;;;;;;x;x;;;;;;;;;;;;;;;;;;;;;;;;;6,5-7;E;;;;;;;;;;;;;;;;;;;;;;;;;;;;;;;;;;;;;;;;;;;;;
86;Landassel;Metazoa;;;;;;;;;;;;;;;;;;;;;;;;;;;;;;;;;;;;;;;;;;;;;;;;;;;;;;;;;;;;;;;;;;;;;;;;;;;;;;;;;;;;;;;;;;;;
87;Lauch;Plantae;;Allium; ;;70;4;;;;;;;;;;;;;;;x;x;;;;;;;;;;;;;;;;;;;;;;;;;E I;;;;;;;;;;;;;;;;;;;;;;;;;;;;;;;;;;;b;;;;;;;;;;
88;Lavendel;Plantae;Lamiaceae;Lavandula;angustifola;;100;4;;;;;x;;;x;;;x;;L5;;;;T7;;;F3;;;;;;;;;;;;;;;K6;R6;N3;;;;E;;x;;;;;;;;;;;;;;;;;;;;;;;;;;;;;;;;;;;;;;;;;;;
89;Lollo bionda;Plantae;Asteraceae;Lactuca;Sativa var. crispa;;;5;;;;;;;;;;;;;;;;;;;;;;;;;;;;;;;;;;;;;;;;;E;;;;;;;;;;;;;;;;;;;;;;;;;;;;;;;;;;;;;;;;;;;;;
90;Lollo rosso;Plantae;Asteraceae;Lactuca;Sativa var. crispa;;;5;;;;;;;;;;;;;;;;;;;;;;;;;;;;;;;;;;;;;;;;;E;;;;;;;;;;;;;;;;;;;;;;;;;;;;;;;;;;;;;;;;;;;;;
91;Löwenzahn;Plantae;;;;;;5;;;;;;;;;;;;;;;;;;;;;;;;;;;;;;;;;;;;;;;;;E;;;;;;;;;;;;;;;;;;;;;;;;;;;;;;;;;;;;;;;;;;;;;
92;Luffa-Gurke;Plantae;;Luffa;aegyptiaca ;;;;;;;;;;;;;;;;;;;;;;;;;;;;;;;;;;;;;;;;;;;;E;;Schwamm, Küchenschwamm;;;;;;;;;;;;;;;;;;;;;;;;;;;;;;;;;;;;;;;;;;;
93;Majoran;Plantae;Lamiaceae;Origanum;majorana;;;4;;;;;;;;;;;;;;;;;;;;;;;;;;;;;;;;;;;;;;;;;E;;;;;;;;;;;;;;;;;;;;;;;;;;;;;;;;;;;;;;;;;;;;;
94;Mandel;Plantae;;;;;;2;;;;;;;;;;;;;;;;;;;;;;;;;;;;;;;;;;;;;;;;;;;;;;;;;;;;;;;;;;;;;;;;;;;;;;;;;;;;;;;;;;;;;;
95;Mangold;Plantae;Chenopodiaceae;Beta;vulgaris;;;5;;;;;;;;;;;;;;x;;;;;;;;;;;;;;;;;;;;;;;;;;;E;;;;;;;;;;;;;;;;;;;;;;;;;;;;;;;;;;;;;;;;;;;;;
96;Meerrettich;Plantae;Brassicaceae;Armoracia;rusticana;;;4;;;;;;;;;;;;;;;;;;;;;;;;;;;;;;;;;;;;;;;;;E;;;;;;;;;;;;;;;;;;;;;;;;;;;;;;;;;;;;;;;;;;;;;
97;Minze;Plantae;Lamiaceae;Mentha;;;;4;;;;;x;;;;;;;;;;;;;;;;;;;;;;;;;;;;;;;;;;;;E;;;;;;;;;;;;;;;;;;;;;;;;;;;;;;;;;;;;;;;;;;;;;
98;Monkepuzzle;Plantae;Araucariaceae;Araucaria;araucana;;;1;;;;;;;;;;;;;;;;;;;;;;;;;;;;;;;;;;;;;;;;;E;;;;;;;;;;;;;;;;;;;;;;;;;;;;;;;;;;;;;;;;;;;;;
99;Olivenbaum;Plantae;;;;;;2;;;;;;;;;;;;;;;;;;;;;;;;;;;;;;;;;x;;;;;;;;;;;;;;;;;;;;;;;;;;;;;;;;;;;;;;;;;;;;;;;;;;;;;
100;Oregano;Plantae;Lamiaceae;Origanum;vulgare;;;4;;;;;;;;;;;;;;;;;;;;;;;;;;;;;;;;;;;;;;;;;E;;;;;;;;;;;;;;;;;;;;;;;;;;;;;;;;;;;;;;;;;;;;;
101;Oregon-Stachelbeere;Plantae;;Ribes;divaricatum;;;3;;;;;;;;;;;;;;;;;;;;;;;;;;;;;;;;;;;;;;;;;E;;;;;;;;;;;;;;;;;;;;;;;;;;;;;;;;;;;;;;;;;;;;;
102;Paprika;Plantae;Solanaceae;Capsicum;annuum;;;3;;;;;;;;;;;;;;;;;;;;;;;;;;;;;;;;;;;;;;;;;E;;;;;;;;;;;;;;;;;;;;;;;;;;;;;;;;;;;;;;;;;;;;;
103;Phacelia;Plantae;;;;;;4;;;;;;;;;;;;;;;;;;;;;;;;;;;;;;;;;;;;;;;;;;;;;;;;x;;;;;;;;;;;;;;;;;;;;;;;;;;;;;;;;;;;;;;
104;Pimpinelle;Plantae;Rosaceae;Sanguisorba;minor;;60;4;x;;;;;;;;;;;;;;;x;;;;;;;;;;x;;;;;;;;;;;;;;;E;;;;;;;;;;;;;;;;;;;;;;;;;;;;;;;;;;;;;;;;;;;;;
105;Purpurrötliche Bergenie;Plantae;Saxifragaceae;Bergenia;purpurascens;;40;4;;;;;;;;x;;x;;;;;;;;;;;;;;;;;;;;;;;;;;;;;;;E;;;;;;;;;;;;;;;;;;;;;;;;;;;;;;;;;;;;;;;;;;;;;
106;Quitte;Plantae;Rosaceae;Cydonia;oblonga;;;2;;;;;x;;;;;;;;;;;;;;;;;;;;;;;;;;;;;;;;;;;;E;;;;;;;;;;;;;;;;;;;;;;;;;;;;;;;;;;;;;;;;;;;;;
107;Rabe;Metazoa;Corvidae;Corvus;;;;;;;;;;;;;;;;;;;;;;;;;;;;;;;;;;;;;;;;;;;;;;;;;;;;;;;;;;;;;;;;;;;;;;;;;;;;;;;;;;;;;;;;;;
108;Radicchio;Plantae;;Cichorium;intybus var. foliosum;;30;5;;;;;;;;;;;;;;;;;;;;;;;;;;;;;;;;;;;;;;;;;E;;;;;;;;;;;;;;;;;56-77;;;;;;;;;;;;;;x;;;;;;;;;;;;;;
109;Radieschen;Plantae;;Raphanus;sativus;;;5 6;;;;;;;;;;;;;;x;x;;;;;;;;;;;;;;;;;;;;;;;;;;E;;;;;;;;;;;;;;;;;;;;;;;;;;;;;;;;;;;c;;;;;;;;;;
110;Rauke;Plantae;Brassicaceae;Rauken;;;;;;;;;;;;;;;;;;;;;;;;;;;;;;;;;;;;;;;;;;;;;E;;;;;;;;;;;;;;;;;;;;;;;;;;;;;;;;;;;;;;;;;;;;;
111;Rhabarber;Plantae;;Rheum;rhabarbarum;;;4;;;;;x;;;;;;;;;;;;;;;;;;;;;;;;;;;;;;;;;;;;E;;;;;;;;;;;;;;;;;;;;;;;;;;;;;;;;;;;;;;;;;;;;;
112;Ribes;Plantae;;Ribes;;;;;;;;;;;;;;;;;;;;;;;;;;;;;;;;;;;;;;;;;;;;;E;;;;;;;;;;;;;;;;;;;;;;;;;;;;;;;;;;;;;;;;;;;;;
113;Riesenkürbis;Plantae;Curcubitaceae;Cucurbita;maxima;;;4;;;;;n;;;;;;;;;;;;;;;;;;;;;;;;;;;;;;;;;;;;E;;;;;;;;;;;;;;;;;;;;;;;;;;;;;;;;;;;;;;;;;;;;;
114;Ringelblume;Plantae;;;;;;4;;;;;;;;;;;;;;;;;;;;;;;;;;;;;;;;;;;;;;;;;;;;;;;;;;;;;;;;;;;;;;;;;;;;;;;;;;;;;;;;;;;;;;
115;Rosenkohl;Plantae;;Brassica;oleracea var. gemmifera;;;4;;;;;;;;;;;;;;;;;;;;;;;;;;;;;;;;;;;;;;;;;E;;;;;;;;;;;;;;;;;;;;;;;;;;;;;;;;;;;;;;;;;;;;;
116;Rosmarin;Plantae;Lamiaceae;Salvia;rosmarinus;;200;4;;;;;;;;x;;x;x;;L5;;;;T9;;;F3;;;;;x;;x;;;;;;;;K4;R7;N3;;;;E;;;;;;;;;;;;;;;;;;;;;;;;;;;;;;;;;;;;;;;;;;;;;
117;Rote Beete;Plantae;;Beta;vulgaris;;;4;;;;;;;;;;;;;;x;x;x;;;;;;;;;;;;;;;;;;;;;;;;;E;;;;;;;;;;;;;;;;;;;;;;;;;;;;;;;;;;;;;;;;;;;;;
118;Rote Melde;Plantae;Amaranthaceae;Atriplex;;;;;;;;;;;;;;;;;;;;;;;;;;;;;;;;;;;;;;;;;;;;;E;;;;;;;;;;;;;;;;;;;;;;;;;;;;;;;;;;;;;;;;;;;;;
119;Rubus;Plantae;;Rubus;;;;;;;;;;;;;;;;;;;;;;;;;;;;;;;;;;;;;;;;;;;;;E;;;;;;;;;;;;;;;;;;;;;;;;;;;;;;;;;;;;;;;;;;;;;
120;Rucola (Rauke);Plantae;Brassicaceae;Eruca;vesicaria;;;5;;;;;;;;;;;;;;;x;x;;;;;;;;;;;;;;;;;;;;;;;;;E;;;;;;;;;;;;;;;;;;;;;;;;;;;;;;;;;;;;;;;;;;;;;
121;Salatgurke;Plantae;Cucurbitaceae;Cucumis;sativus;;;5;;;;;;;;;;;;;;;;x;;;;;;;;;;;;;;;;;;;;;;;;;E;;;;;;;;;;;;;;;;;;;;;;;;;;;;;;;;;;;a;;;;;;;;;;
122;Sand-Straußgras;Plantae;Poaceae;Agrostis;vinealis;;;4;;;;;;;;;;;;;L9;;;;T7;;;F2;;;;;;;;;;;;;;;;R2;N1;;;;;P;;;;;;;;;;;;;;;;;;;;;;;;;;;;;;;;;;;;;;;;;;;;
123;Schmalblättriges Weisenröschen;Plantae;;Epilobium;angustifolium;;;;;;;;;;;;;;;;;;;;;;;;;;;;;;;;;;;;;;;;;;;;;;;;;;;;;;;;;;;;;;;;;;;;;;;;;;;;;;;;;;;;;;;;;
124;Schmetterling;Metazoa;;;;;;;;;;;;;;;;;;;;;;;;;;;;;;;;;;;;;;;;;;;;;;;;;;;;;;;;;;;;;;;;;;;;;;;;;;;;;;;;;;;;;;;;;;;;
125;Schnittsalat / Blattsalat;Plantae;Asteraceae;Lactuca;Sativa var. crispa;;100;5;;;;x;;;;;;;;;;x;x;;;;;;;;;;;;;;;;;;;;;;;;<5.5;;E;;;;;;;;;;;;;;;;;;;;;;;;;;;;;;;x;;;;;;;;;;;;;;
126;Schwarzejohannesbeere;Plantae;;Ribes;nigrum;;200;3;;;;;;;;;;;;;0 -;;;;;;;; +;;;;;;;;;;;;;;;;;;;;;;;;;;;;;;;;;;;;;;;;;;;;;;;;;;;;;;;;;;;Z7;;H5;;;;
127;Schwarzer Holunder;Plantae;;Sambucus;nigra;;;3;;;;;x;;;;;;;;;;;;;;;;;;;;;;;;;;;;;;;;;;;;E;;;;;;;;;;;;;;;;;;;;;;;;;;;;;;;;;;;;;;;;;;;;;
128;Sibirischer Tee;Plantae;Saxifragaceae;Bergenia;crassifolia;;45;4;;;;;;;;x;;x;;;;;;;;;;;;;;;;;;;;;;;;;;;;;;;E;;;;;;;;;;;;;;;;;;;;;;;;;;;;;;;;;;;;;;;;;;;;;
129;Sperber;Metazoa;Accipitridae;Accipiter;nisus;;;;;;;;;;;;;;;;;;;;;;;;;;;;;;;;;;;;;;;;;;;;;;;;;;;;;;;;;;;;;;;;;;;;;;;;;;;;;;;;;;;;;;;;;
130;Spinat;Plantae;Chenopodiaceae;Spinacia;oleracea;;100;4;;;;;;;x;;;;;;;x;x;;;;;;;;;;;;;;;;;;;;;;;;;;E;;;;;;;;;;;;;;;;;;;;;;;;;;;;;;;;;;;Beipflanzung;Vorfrucht;;;;;;;;;
131;Stachelbeere;Plantae;;Ribes;divaricatum;;300;3;;;;;;;;;;x;;;.+ 0;;;;;;;;;;;;;;;;;;;;;;;;;;;;;;;;;;;;;;;;;;;;;;;;;;;;;;;;;;;;;;;;;;;;;;;;;
132;Steirische Käferbohne, Bunte Feuerbohne;Plantae;;Phaseolus;coccineus;;;7;;;;;;;;;;;;;;;;;;;;;;;;;;;;;;;;;;;;;;;;;E;;;;;;;;;;;;;;;;;;;;;;;;;;;;;;;;;;;;;;;;;;;;;
133;Tagetes;Plantae;;;;;;4 5;;;;;;;;;;;;;;;;;;;;;;;;;;;;;;;;;;;;;;;;;;;;;;;;;;;;;;;;;;;;;;;;;;;;;;;;;;;;;;;;;;;;;;
134;Taube;Metazoa;Columbidae;;;;;;;;;;;;;;;;;;;;;;;;;;;;;;;;;;;;;;;;;;;;;;;;;;;;;;;;;;;;;;;;;;;;;;;;;;;;;;;;;;;;;;;;;;;
135;Tomate;Plantae;;Solanum;lycopersicum;;;5 7;;;;;;;;;;;;;;;;x;;;;;;;;;;;;;;;;;;;;;;;;;E;;;;;;;;;;;;;;;;;;;;;;;;;;;;;;;;;;;a;;;;;;;;;C3;
136;Traubeneiche;Plantae;Fagaceae;Quercus;petraea;;4000;6 7;;;;;;;;;;;;;;;;;;;;;;;;;;;;;;;;;;;;;;;;;H;;;;;;;;;;;;;;;;;;;;;;;;;;;;;;;;;;;;;;;;;;;;;
137;Tulpen;Plantae;Liliaceae;Tulipa;;;70;4 6;;;;;;;x;x;;;;;;;;;;;;;;;;;;;;;;;;;;;;;;;;;;;;;;;;;;;;;;;;;;;;;;;;;;;;;;;;;;;Zwiebeln;;;;;;;;;;;
138;Wald-Erdbeere;Plantae;Rosaceae;Fragaria;vesca;;;5;;;;;x;;;;;;;;;x;x;;;;;;;;;;;;;;;;;;;;;;;;;;E;;;;;;;;;;;;;;;;;;;;;;;;;;;;;;;;;;;;;;;;;;;;;
139;Walnuss;Plantae;Juglandaceae;Juglans;regia;;;2;;;;;x;;;;;;;;;;;;;;x;;;;;;;;;;;;;;;;;;;;;;E;;;;;;;;;;;;;;;;;;;;;;;;;;;;;;;;;;;;;;;;;;;;;
140;Weisskohl;Plantae;Brassicaceae;Brassica;oleracea convar. capitata;;;4;;;;;;;;;;;;;;;;;;;;;;;;;;;;;;;;;;;;;;;;;E;;;;;;;;;;;;;;;;;;;;;;;;;;;;;;;;;;;;;;;;;;;;;
141;Wilde Rauke;Plantae;Brassicaceae;Diplotaxis;tenuifolia;;;5;;;;;;;;;;;;;;;;;;;;;;;;;;;;;;;;;;;;;;;;;E;;;;;;;;;;;;;;;;;;;;;;;;;;;;;;;;;;;;;;;;;;;;;
142;Winter Latthugino;Plantae;Asteraceae;Lactuca;Sativa var. crispa;;;5;;;;;;;;;;;;;;;;;;;;;;;;;;;;;;;;;;;;;;;;;E;;;;;;;;;;;;;;;;;;;;;;;;;;;;;;;;;;;;;;;;;;;;;
143;Winterglut;Plantae;Saxifragaceae;Bergenia;cordifolia;;;4;;;;;;;;x;;x;;;;;;;;;;;;;;;;;;;;;;;;;;;;;;;E;;;;;;;;;;;;;;;;;;;;;;;;;;;;;;;;;;;;;;;;;;;;;
144;Winterlinde;Plantae;;Tibia;cordata;;;1;;;;;;;;;;;;;;;;;;;;;;;;;;;;;;;;;;;;;;;;;E;;;;;;;;;;;;;;;;;;;;;B;;;;;;;;;;;;;;Vorfrucht;;;;;;;;;;
145;Wundklee;Plantae;Fabaceae;Anthyllis;vulneraria;;40;4;;;Tief;;x;;x;;;;;;L8;;;;T6;;;F3;;;;;;;;;x;;;;;;K3;R7;N2;;;;;;;;;;;;;;;;;;;;;;;;;;;;;;;;;;;;;;;;;;;;;;;;;
146;Zerbrechlicher Blasenfarn;Plantae;Woodsiaceae;Cystopteris;fragilis;;45;;;;;;x;;;x;x;;x;;;;;;;;ja;;feucht;;;;;x;;;x;x;x;;;;;;;;;niedrig;;;;;;;;;;;;;;;;;;;;;;;;;;;;;;;;;;;;;;;;;;;;;;
147;Zitronenmelisse;Plantae;Lamiaceae;Melissa;officinalis;;90;4;;;;;;;x;x;;;;;;;;;;;;;;;;;;;;;;;;;;;;;;;;;E;;;;;;;;;;;;;;x;;;;;;;B;;;;;;;;;;;;;;;;;;;;;;;;
148;Zurückgekrümmter Fuchsschwanz;Plantae;Amaranthaceae;Amaranthus ;retroflexus;;40;4;;;Tief;x;;;x;;;;;;;;;;;;;;;;;;;;;;;;;;;;;;;;;;E;;;;;;;;;;;;;;;;;;;;;;;;;;;;;;;;;;;;;;;;;;;;;
149;Zwiebel (Sommer);Plantae;Amarillydaceae;Allium;cepa;;;5 6;;;;;;;;;;;;;;x;x;x;;;;;;;;;;;;;;;;;;;;;;;;6-7;E;;;;;;;;;;;;;;;;;August-Oktober;;;März-April;;;;;;;;;;;;;;;b;;;;;;;;;;
150;Zwiebel (Winter);Plantae;Amarillydaceae;Allium;cepa;;;5 6;;;;;;;;;;;;;;x;x;x;;;;;;;;;;;;;;;;;;;;;;;;6-7;E;;;;;;;;;;;;;;;;;Juni;;;August;;;;;;;;;;;;;;;b;;;;;;;;;;
151;;Fungi;Ganomertaceae;Ganoderma;lucidum;;;;;;;;;;;;;;;;;;;;;;;;;;;;;;;;;;;;;;;;;;;;M;;;;;;;;;;;;;;;;;;;;;;;;;;;;;;;;;;;;;;;;;;;;;
152;;Plantae;;Cordyline;australis;;;;;;;;;;;;;;;;;;;;;;;;;;;;;;;;;;;;;;;;;;;;;;;;;;;;;;;;;;;;;;;;;;;;;;;;;;;;;;;;;;;;;;;;;
153;;Plantae;;Lespedeza;capitate;;150;3;;;;;;;;;x;;;;;;;;;;;;;drained;;;;;;;;;;;;;;;;;;;E;P;;;;;x;;;;;;;;;;;;;;;B;;;;;;;;;;;;;;;;;;Z4;;H7;;;;
154;;Plantae;;Gaultheria;procumbens;;;3;;;;;;;;;;;;;;;;;;;;;;;;;;;;;;;;;;;;;;;;;;;;;;;;;;;;;;;;;;;;;;B;;;;;;;;;;;;;;;;;;Z5;;H7;;;;
155;;Plantae;;Akebia;quinata;;;7;;;;;x;;;;x;;;;;;x;;;;;;;;;;;;;;;;;;;;;;;;;;Z F;;;;;;;;;;;;;;;;;;;;;?;;;;;;;;;;;;;;;;;;Z5;;H7;;;;
156;;Plantae;Violaceae;Viola;tricolar;;;;;;;;;;;;;;;;;;;;;;;;;;;;;;;;;;;;;;;;;;;;;;;;;;;;;;;;;;;;;;;;;;;;;;;;;;;;;;;;;;;;;;;;;
157;;Plantae;;Arbutus;unedo;;;;;;;;;;;;;;;;;;;;;;;;;;;;;;;;;;;;;;;;;;;;A;;;;;;;;;;;;;;;;;;;;;;;;;;;;;;;;;;;;;;;;;;;;;
158;;Plantae;;Vetiveria;zizanoides;;;;;;;;;;;;;;;;;;;;;;;;;;;;;;;;;;;;;;;;;;;;;;;;;;;;;;;;;;;;;;;;;;;;;;;;;;;;;;;;;;;;;;;;;
159;;Plantae;;Myrica;gale;;;3;;;;;;;;;;;;;;x;;;;;;;;;;;;;;;;;;;;;;;;;;;E;;;;;;;;;;;;;;;;;;;;;;;;;;;;;;;;;;;;;;;Z1;;H7;;;;
160;;Plantae;;Picea;glauca;;;1;;;;;;;;;;;;;;;;;;;;;;;;;;;;;;;;;;;;;;;;;;;;;;;;;;;;;;;;;;;;;;;;;;;;;;;;;;;;;;;;;;;;;;
161;;Plantae;;Fagaceae;?;;;1;;;;;;;;;;;;;;;;;;;;;;;;;;;;;;;;;;;;;;;;;;;;;;;;;;;;;;;;;;;;;;;;;;;;;;;;;;;;;;;;;;;;;;
162;;Plantae;;Pinus;resinosa;;;1;;;;;;;;;;;;;;;;;;;;;;;;;;;;;;;;;;;;;;;;;;;;;;;;;;;;;;;;;;;;;;;;;;;;;;;;;;;;;;;;;;;;;;
163;;Plantae;;Aselus;hippocastanum;;;1;;;;;;;;;;;;;;;;;;;;;;;;;;;;;;;;;;;;;;;;;;;;;;;;;;;;;;;;;;;;;;;;;;;;;;;;;;;;;;;;;;;;;;
164;;Plantae;;Acer;saccharinum ?;;;1;;;;;;;;;;;;;;;;;;;;;;;;;;;;;;;;;;;;;;;;;;;;;;;;;;;;;;;;;;;;;;;;;;;;;;;;;;;;;;;;;;;;;;
165;;Plantae;;Ulmus;?;;;1;;;;;;;;;;;;;;;;;;;;;;;;;;;;;;;;;;;;;;;;;;;;;;;;;;;;;;;;;;;;;;;;;;;;;;;;;;;;;;;;;;;;;;
166;;Plantae;?;?;?;;;1;;;;;;;;;;;;;;;;;;;;;;;;;;;;;;;;;;;;;;;;;;;;;;;;;;;;;;;;;;;;;;;;;;;;;;;;;;;;;;;;;;;;;;
167;;Plantae;;Acer;rubrum ?;;;1;;;;;;;;;;;;;;;;;;;;;;;;;;;;;;;;;;;;;;;;;;;;;;;;;;;;;;;;;;;;;;;;;;;;;;;;;;;;;;;;;;;;;;
168;;Plantae;;Betula;pendula ?;;;1;;;;;;;;;;;;;;;;;;;;;;;;;;;;;;;;;;;;;;;;;;;;;;;;;;;;;;;;;;;;;;;;;;;;;;;;;;;;;;;;;;;;;;
169;;Plantae;;Robinia;pseudoacacia;;;1;;;;;;;;;;;;;;;;;;;;;;;;;;;;;;;;;;;;;;;;;;;;;;;;;;;;;;;;;;;;;;;;;;;;;;;;;;;;;;;;;;;;;;
170;;Plantae;;Papulus;nigra;;;1;;;;;;;;;;;;;;;;;;;;;;;;;;;;;;;;;;;;;;;;;;;;;;;;;;;;;;;;;;;;;;;;;;;;;;;;;;;;;;;;;;;;;;
171;;Plantae;;Malus;?;;;2;;;;;;;;;;;;;;;;;;;;;;;;;;;;;;;;;;;;;;;;;;;;;;;;;;;;;;;;;;;;;;;;;;;;;;;;;;;;;;;;;;;;;;
172;;Plantae;;Parkinsonia ?;aculeata ?;;;2;;;;;;;;;;;;;;;;;;;;;;;;;;;;;;;;;;;;;;;;;;;;;;;;;;;;;;;;;;;;;;;;;;;;;;;;;;;;;;;;;;;;;;
173;;Plantae;?;?;?;;;3;;;;;;;;;;;;;;;;;;;;;;;;;;;;;;;;;;;;;;;;;;;;;;;;;;;;;;;;;;;;;;;;;;;;;;;;;;;;;;;;;;;;;;
174;;Plantae;;Buddleja;davidii ?;;;3;;;;;;;;;;;;;;;;;;;;;;;;;;;;;;;;;;;;;;;;;;;;;;;;;;;;;;;;;;;;;;;;;;;;;;;;;;;;;;;;;;;;;;
175;;Plantae;;Rosa;chinensis;;;3;;;;;;;;;;;;;;;;;;;;;;;;;;;;;;;;;;;;;;;;;;;;;;;;;;;;;;;;;;;;;;;;;;;;;;;;;;;;;;;;;;;;;;
176;;Plantae;;Rosa;multiflora;;;3;;;;;;;;;;;;;;;;;;;;;;;;;;;;;;;;;;;;;;;;;;;;;;;;;;;;;;;;;;;;;;;;;;;;;;;;;;;;;;;;;;;;;;
177;;Plantae;;Prunus;cerasifera;;;3;;;;;;;;;;;;;;;;;;;;;;;;;;;;;;;;;;;;;;;;;;;;;;;;;;;;;;;;;;;;;;;;;;;;;;;;;;;;;;;;;;;;;;
178;;Plantae;;Cersis;canadensis;;;3;;;;;;;;;;;;;;;;;;;;;;;;;;;;;;;;;;;;;;;;;;;;;;;;;;;;;;;;;;;;;;;;;;;;;;;;;;;;;;;;;;;;;;
179;;Plantae;;Spiraea;thunbergi;;;3;;;;;;;;;;;;;;;;;;;;;;;;;;;;;;;;;;;;;;;;;;;;;;;;;;;;;;;;;;;;;;;;;;;;;;;;;;;;;;;;;;;;;;
180;;Plantae;;Spiraea;?;;;3;;;;;;;;;;;;;;;;;;;;;;;;;;;;;;;;;;;;;;;;;;;;;;;;;;;;;;;;;;;;;;;;;;;;;;;;;;;;;;;;;;;;;;
181;;Plantae;;Forsythia;?;;;3;;;;;;;;;;;;;;;;;;;;;;;;;;;;;;;;;;;;;;;;;;;;;;;;;;;;;;;;;;;;;;;;;;;;;;;;;;;;;;;;;;;;;;
182;;Plantae;;Prunus ?;?;;;3;;;;;;;;;;;;;;;;;;;;;;;;;;;;;;;;;;;;;;;;;;;;;;;;;;;;;;;;;;;;;;;;;;;;;;;;;;;;;;;;;;;;;;
183;;Plantae;;Magnolia;stellata;;;3;;;;;;;;;;;;;;;;;;;;;;;;;;;;;;;;;;;;;;;;;;;;;;;;;;;;;;;;;;;;;;;;;;;;;;;;;;;;;;;;;;;;;;
184;;Plantae;;Berberis;aquifolium;;;3;;;;;;;;;;;;;;;;;;;;;;;;;;;;;;;;;;;;;;;;;;;;;;;;;;;;;;;;;;;;;;;;;;;;;;;;;;;;;;;;;;;;;;
185;;Plantae;;Berberis;thunbergi;;;3;;;;;;;;;;;;;;;;;;;;;;;;;;;;;;;;;;;;;;;;;;;;;;;;;;;;;;;;;;;;;;;;;;;;;;;;;;;;;;;;;;;;;;
186;;Plantae;;Taxus;baccata ?;;;3;;;;;;;;;;;;;;;;;;;;;;;;;;;;;;;;;;;;;;;;;;;;;;;;;;;;;;;;;;;;;;;;;;;;;;;;;;;;;;;;;;;;;;
187;;Plantae;;Taxus;canadensis ?;;;3;;;;;;;;;;;;;;;;;;;;;;;;;;;;;;;;;;;;;;;;;;;;;;;;;;;;;;;;;;;;;;;;;;;;;;;;;;;;;;;;;;;;;;
188;;Plantae;;Hydrabgea;marcrophylla ?;;;3;;;;;;;;;;;;;;;;;;;;;;;;;;;;;;;;;;;;;;;;;;;;;;;;;;;;;;;;;;;;;;;;;;;;;;;;;;;;;;;;;;;;;;
189;;Plantae;;Chaenomeles;japonica ?;;;3;;;;;;;;;;;;;;;;;;;;;;;;;;;;;;;;;;;;;;;;;;;;;;;;;;;;;;;;;;;;;;;;;;;;;;;;;;;;;;;;;;;;;;
190;;Plantae;;Ligustrum;?;;;3;;;;;;;;;;;;;;;;;;;;;;;;;;;;;;;;;;;;;;;;;;;;;;;;;;;;;;;;;;;;;;;;;;;;;;;;;;;;;;;;;;;;;;
191;;Plantae;;Ribes;?;;;3;;;;;;;;;;;;;;;;;;;;;;;;;;;;;;;;;;;;;;;;;;;;;;;;;;;;;;;;;;;;;;;;;;;;;;;;;;;;;;;;;;;;;;
192;;Plantae;;Symphoricarpus;orbiculatus ?;;;3;;;;;;;;;;;;;;;;;;;;;;;;;;;;;;;;;;;;;;;;;;;;;;;;;;;;;;;;;;;;;;;;;;;;;;;;;;;;;;;;;;;;;;
193;;Plantae;;Carpinus;betulus ?;;;3;;;;;;;;;;;;;;;;;;;;;;;;;;;;;;;;;;;;;;;;;;;;;;;;;;;;;;;;;;;;;;;;;;;;;;;;;;;;;;;;;;;;;;
194;;Plantae;;Thilia;cordata ?;;;3;;;;;;;;;;;;;;;;;;;;;;;;;;;;;;;;;;;;;;;;;;;;;;;;;;;;;;;;;;;;;;;;;;;;;;;;;;;;;;;;;;;;;;
195;;Plantae;;Cornus;sanguinea ?;;;3;;;;;;;;;;;;;;;;;;;;;;;;;;;;;;;;;;;;;;;;;;;;;;;;;;;;;;;;;;;;;;;;;;;;;;;;;;;;;;;;;;;;;;
196;;Plantae;;Amelanchier;ovalis ?;;;3;;;;;;;;;;;;;;;;;;;;;;;;;;;;;;;;;;;;;;;;;;;;;;;;;;;;;;;;;;;;;;;;;;;;;;;;;;;;;;;;;;;;;;
197;;Plantae;;Philadelphus;lewisii ?;;;3;;;;;;;;;;;;;;;;;;;;;;;;;;;;;;;;;;;;;;;;;;;;;;;;;;;;;;;;;;;;;;;;;;;;;;;;;;;;;;;;;;;;;;
198;;Plantae;;Sorbia;sorbifolia ?;;;3;;;;;;;;;;;;;;;;;;;;;;;;;;;;;;;;;;;;;;;;;;;;;;;;;;;;;;;;;;;;;;;;;;;;;;;;;;;;;;;;;;;;;;
199;;Plantae;;Campanula;;;;;;;;;;;;;;;;;;;;;;;;;;;;;;;;;;;;;;;;;;;;;;;;;;;;;;;;;;;;;;;;;;;;;;;;;;;;;;;;;;;;;;;;;;
200;;Plantae;;Guara;;;;;;;;;;;;;;;;;;;;;;;;;;;;;;;;;;;;;;;;;;;;;;;;;;;;;;;;;;;;;;;;;;;;;;;;;;;;;;;;;;;;;;;;;;
201;;Plantae;;Cimicifuga;;;;;;;;;;;;;;;;;;;;;;;;;;;;;;;;;;;;;;;;;;;;;;;;;;;;;;;;;;;;;;;;;;;;;;;;;;;;;;;;;;;;;;;;;;
202;Gewürzsträucher;Plantae;;Calycanthus;;;300;3;;;;;;P;;;;;;;;;;;;;-29;;M F;;;;;;;;;;;;;;;;;;;;E M;;;;;;;;;;;;;;;;;;;;;;;;;;;;;;;;;;;;;;;;;;;;;
203;Holunder;Plantae;;Sambucus;;;1100;2 3;;;;;;P;;;;;;;;;;;;;;;;;;;;;;;;;;;;;;;;;;;E Z;;;;;;;;;;;;;;;;;;;;;;;;;;;;;;;;;;;;;;;;;;;;;
204;Stieleiche;Plantae;;Quercus;robor;;4000;1;;;;;;P;;;;;;;;;;;;;;;;;;;;;;;;;;;;;;;;;;;H ;;;;;;;;;;;;;;;;;;;;;;;;;;;;;;;;;;;;;;;;;;;;;
205;Traubeneiche;Plantae;;Quercus;petraea;;4000;1;;;;;;P;;;;;;;;;;;;;;;;;;;;;;;;;;;;;;;;;;;H E;;;;;;;;;;;;;;;;;;;;;;;;;;;;;;;;;;;;;;;;;;;;;
206;Hänge-Birke;Plantae;;Betula;pendula;;3000;1;;;;;;P;;;;;;;;;;;;;;;;;;;;;;;;;;;;;;;;;;;H E;;;;;;;;;;;;;;;;;;;;;;;;;;;;;;;;;;;;;;;;;;;;;
207;Rotbuche;Plantae;;Fagus;silvatica;;5000;1;;;;;;P;;;;;;;;;;;;;;;;;;;;;;;;;;;;;;;;;;;H E;;;;;;;;;;;;;;;;;;;;;;;;;;;;;;;;;;;;;;;;;;;;;
208;Espe;Plantae;;Populus;tremula;;3000;1;P;;;;;P;;;;;;;;;;;;;;;;;;;;;;;;;;;;;;;;;;;P R H;;;;;;;;;;;;;;;;;;;;;;;;;;;;;;;;;;;;;;;;;;;;;
209;Winterlinde;Plantae;;Tilia;cordata;;;1;;;;;;P;;;;;;;;;;;;;;;;;;;;;;;;;;;;;;;;;;;B;;;;;;;;;;;;;;;;;;;;;;;;;;;;;;;;;;;;;;;;;;;;;
210;Gemeine Esche;Plantae;;Fraxinus;excelsior;;4000;1;;;;;;P;;;;;;;;;;;;;;;;;;;;;;;;;;;;;;;;;;;H M;;;;;;;;;;;;;;;;;;;;;;;;;;;;;;;;;;;;;;;;;;;;;
211;Bergahorn;Plantae;;Acer;pseudoplatanus;;3000;1;P;;;;;P;;;;;;;;;;;;;;;;;;;;;;;;;;;;;;;;;;;I B P ;;;;;;;;;;;;;;;;;;;;;;;;;;;;;;;;;;;;;;;;;;;;;
212;Waldkiefer;Plantae;;Pinus;silvestris;;4500;1;;;;;;P;;;;;;;;;;;;;;;;;;;;;;;;;;;;;;;;;;;H I B M;;;;;;;;;;;;;;;;;;;;;;;;;;;;;;;;;;;;;;;;;;;;;
213;Esskastanie;Plantae;;Casdtanea;sativa;(subsp.);3000;1;;;;;;P;;;;;;;;;;;;;;;;;;;;;;;;;;;;;;;;;;;H B E;;;;;;;;;;;;;;;;;;;;;;;;;;;;;;;;;;;;;;;;;;;;;
214;Elsbeere;Plantae;Rosaceae;Sorbus;torminalis; ;3000;1;;;;;;P;;;;;;;;;;;;;;;;;;;;;;;;;;;;;;;;;;;R H ;;;;;;;;;;;;;;;;;;;;;;;;;;;;;;;;;;;;;;;;;;;;;
215;Pyrenäen- Eiche;Plantae;;Querqus;pyrenaica;;2000;1;;;;;;P;;;;;;;;;;;;;;;;;;;;;;;;;;;;;;;;;;;H;;;;;;;;;;;;;;;;;;;;;;;;;;;;;;;;;;;;;;;;;;;;;
216;Moor-Birke;Plantae;;Betula;pubescens;;3000;1;;;;;;P;;;;;;;;;;;;;;;;;;;;;;;;;;;;;;;;;;;P H M;;;;;;;;;;;;;;;;;;;;;;;;;;;;;;;;;;;;;;;;;;;;;
217;Hasel;Plantae;;Corylus;avellana;;600;3;;;;;;P;;;;;;;;;;;;;;;;;;;;;;;;;;;;;;;;;;;E H Z;;;;;;;;;;;;;;;;;;;;;;;;;;;;;;;;;;;;;;;;;;;;;
218;Vogelbeere;Plantae;;Sorbus;aucuparia;;2000;2;;;;;;P;;;;;;;;;;;;;;;;;;;;;;;;;;;;;;;;;;;V Z H M E;;;;;;;;;;;;;;;;;;;;;;;;;;;;;;;;;;;;;;;;;;;;;
219;Faulbaum;Plantae;;Frangula;alnus;;500;3;;;;;;P;;;;;;;;;;;;;;;;;;;;;;;;;;;;;;;;;;;H M;;;;;;;;;;;;;;;;;;;;;;;;;;;;;;;;;;;;;;;;;;;;;
220;Eingiffeliger Weißdorn;Plantae;;Crataegus;monogyna;;600;3;;;;;;P;;;;;;;;;;;;;;;;;;;;;;;;;;;;;;;;;;;M E Z;;;;;;;;;;;;;;;;;;;;;;;;;;;;;;;;;;;;;;;;;;;;;
221;Wacholder;Plantae;;Juniperus;communis;;1500;2 3;;;;;;P;;;;;;;;;;;;;;;;;;;;;;;;;;;;;;;;;;;R H E M;;;;;;;;;;;;;;;;;;;;;;;;;;;;;;;;;;;;;;;;;;;;;
222;Holzapfel;Plantae;;Malus;silvestris;;1000;2;;;;;;P;;;;;;;;;;;;;;;;;;;;;;;;;;;;;;;;;;;E;;;;;;;;;;;;;;;;;;;;;;;;;;;;;;;;;;;;;;;;;;;;;
223;Schlehdorn;Plantae;;Prunus;spinosa;;500;3;;;;;;P;;;;;;;;;;;;;;;;;;;;;;;;;;;;;;;;;;;E H M I R Z;;;;;;;;;;;;;;;;;;;;;;;;;;;;;;;;;;;;;;;;;;;;;
224;Schneeball;Plantae;;Viburnum;opulus;;600;3;;;;;;P;;;;;;;;;;;;;;;;;;;;;;;;;;;;;;;;;;;;;;;;;;;;;;;;;;;;;;;;;;;;;;;;;;;;;;;;;;;;;;;;
225;Salweide;Plantae;Salicaceae;Salix;caprea;;1500;1 2;;;;;;P;;;;;;;;;;;;;;;;;;;;;;;;;;;;;;;;;;;P H B R;;;;;;;;;;;;;;;;;;;;;;;;;;;;;;;;;;;;;;;;;;;;;
226;Zweigriffeliger Weißdorn;Plantae;;Crataegus;laevigata;;1000;2;;;;;;P;;;;;;;;;;;;;;;;;;;;;;;;;;;;;;;;;;;;;;;;;;;;;;;;;;;;;;;;;;;;;;;;;;;;;;;;;;;;;;;;
227;Europäische Stechpalme;Plantae;;Ilex;aquifolium;;1500;2 3;;;;;;P;;;;x;;;;;;;;;;;;;;;;;;;;;;;;;;;;;;;Z;;;;;;;;;;;;;;;;;;;;;;;;;;;;;;;;;;;;;;;;;;;;;
228;Besenginster;Plantae;;Cytisus;scoparius;;300;3;P;;;;;P;;;;;;;;;;;;;;;;;;;;;;;;;;;;;;;;;;;N P Z;;;;;;;;;;;;gelb;;;;;;;;;;;;;;;;;;;;;;;;;;;;;;;;;
229;Plymouthbirne;Plantae;Rosaceae;Pyrus;cordata;;1000;2;;;;;;P;;;x;;;;;;;;;;;;;;;;;;;;;;;;;;;;;;;;E B I;;;;;;;;;;;;;;;;;;;;;;;;;;;;;;;;;;;;;;;;;;;;;
230;Vogelkirsche;Plantae;;Prunus;avium;(subsp.);2000;2;;;;;;P;;;x;;;;;;;;;;;;;;;;;;;;;;;;;;;;;;;;E V B ;;;;;;;;;;;;;;;;;;;;;;;;;;;;;;;;;;;;;;;;;;;;;
231;Kulturbirne;Plantae;;Pyrus;communis;(subsp.);2000;2;;;;;;P;;;x;;;;;;;;;;;;;;;;;;;;;;;;;;;;;;;;E B I;;;;;;;;;;;;;;;;;;;;;;;;;;;;;;;;;;;;;;;;;;;;;
232;Wildbirne;Plantae;;Pyrus;pyraster;;2000;2 3;;;;;;P;;;x;;;;;;;;;;;;;;;;;;;;;;;;;;;;;;;;E H I ;;;;;;;;;;;;;;;;;;;;;;;;;;;;;;;;;;;;;;;;;;;;;
233;Mispel;Plantae;;Mespilus;germanica;;600;2;;;;;;P;;;x;;;;;;;;;;;;;;;;;;;;;;;;;;;;;;;;E H B;;;;;;;;;;;;;;;;;;;;;;;;;;;;;;;;;;;;;;;;;;;;;
234;Liguster;Plantae;Oleaceae;Ligustrum;vulgare;;450;3;;;;;;P;;;x;x;;;;;;;;;;;;;;;;;;;;;;;;;;;;;;;H B I R V E(G);;;;;;;;;;;;;;;;;;;;;;;;;;;;;;;;;;;;;;;;;;;;;
235;Speierling;Plantae;;Sorbus;domestica;;2500;2;H;;;;;P;;;x;;;;;;;;;;;;;;;;;;;;;;;;;;;;;;;;H E V;;;;;;;;;;;;;;;;;;;;;;;;;;;;;;;;;;;;;;;;;;;;;
236;Pontischer Rhododendron;Plantae;;Rhododendron;ponticum;;500;3;;;;;;P;;;;x;;;;;;;;;;;;;;;;;;;;;;;;;;;;;;;Z;;;;;;;;;;;;;;;;;;;;;;;;;;;;;;;;;;;;;;;;;;;;;
237;Westlicher Erdbeerbaum;Plantae;;Arbutus;unedo;;1000;2;;;;;;P;;;;x;;;;;;;;;;;;;;;;;;;;;;;;;;;;;;;H B E;;;;;;;;;;;;;;;;;;;;;;;;;;;;;;;;;;;;;;;;;;;;;
238;Asch-Weide;Plantae;;Salix;cinerea;;400;2;;;;;;P;;;x;;;H;;;;;;;;;;;;;;;;;;;;;;;;;;;;;B I;;;;;;;;;;;;;;;;;;;;;;;;;;;;;;;;;;;;;;;;;;;;;
239;Gagelstrauch;Plantae;;Myrica;gale;;200;3;;;;;;C;;;x;;;H;;;;;;;;;;;;;;;;;;;;;;;;;;;;;R K I;;;;;;;;;;;;;;;;;;;;;;;;;;;;;;;;;;;;;;;;;;;;;
240;Waldgeißblatt;Plantae;;Lonicera;periclymenum;;2500;7;;;;;;P;;;x;;;;;;;;;;;;;;;;;;;;;;;;;;;;;;;;E(G) I;;;;;;;;;;;;;;;;;;;;;;;;;;;;;;;;;;;;;;;;;;;;;
241;Schmerwurz;Plantae;;Tamus;communis;;400;7;;;;;;P;;;;;;;;;;;;;;;;;;;;;;;;;;;;;;;;;;;E(G);;;;;;;;;;;;;;;;;;;;;;;;;;;;;;;;;;;;;;;;;;;;;
242;Kletten-Krapp;Plantae;;Rubia;peregrina;;150;7;;;;;x;;;;;x;;;;;;;;;;;;;;;;;;;;;;;;;;;;;;;B;;;;;;;;;;;;;;;;;;;;;;;;;;;;;;;;;;;;;;;6;;;;;;
243;Wiesen-Wachtelweizen;Plantae;;Melampyrum;pratense;;50;4;;;;;;;;;;;;;;;;;;;;;;;;;;;;;;;;;;;;;;;;;I;;;;;;;;;X;;;;;;;;;;;;;;;;;;;;;;;;;;;;;;;;;;;;
244;Ruchgras;Plantae;;Anthoxanthum;odoratum;;80;4;;;;;;H;;;;;;;;;;;;;;;;;;;;;;;;;;;;;;;;;;;;;;;;;;;;;;;;;;;;;;;;;;;;;;;;;;;;;;;;;;;;;;;;
245;Adlerfarn;Plantae;;Pteridium;aquilinum;;250;4;;;;;x;;;;;;;;;;;;;;;;;;;;;;;;;;;;;;;;;;;;;;;;;;;;;;;;;;;;;;;;;;;;;;;;;;;;;;;;;;;;;;;;;
246;Straußenfarn;Plantae;;Matteuccia;struthiopteris;;150;4;;;;;;;;;;;;;;;;;;;;;;;;;;;;;;;;;;;;;;;;;E;;;;;;;;;;;;;;;;;;;;;;;;;;;;;;;;;;;;;;;;;;;;;
247;Besenheide;Plantae;;Calluna;vulgaris;;100;4;;;;;x;;;;;x;;;;;;;;;;;;;;;;;;;;;;;;;;2;;;;;R I B;;;;;;;;;;;;;;;;;;;;;;;;;;;;;;;;;;;;;;;;;;;;;
248;Drahtschmiele;Plantae;;Deschampsia;flexuosa;;70;4;;;;;;;;;;;;;;;;;;;;;;;;;;;;;;;;;;;;;;;;;;;;;;;;;;;;;;;;;;;;;;;;;;;;;;;;;;;;;;;;;;;;;;
249;Rotes Straußgras;Plantae;;Agrostis;capillaris;;50;4;;;;;;H;;;;;;;;;;;;;;;;;;;;;;;;;;;;;;;;;;;;;;;;;;;;;;;;;;;;;;;;;;;;;;;;;;;;;;;;;;;;;;;;
250;Goldrute;Plantae;;Solidago;virgaurea;;100;4;;;;;;H;;;;;;;;;;;;;;;;;;;;;;;;;;;;;;;;;;;B;;;;;;;;;;;;;;;;;;;;;;;;;;;;;;;;;;;;;;;;;;;;;
251;Weiches Honiggras;Plantae;;Holcus;mollis;;100;4;;;;;;H;;;;;;;;;X;;;;;;;;;;;;;;;;;;;;;;;;;;B;;;;;;;;;;;;;;;;;;;;;;;;;;;;;;;;;;;;;;;;;;;;;
252;Echter Ehrenpreis;Plantae;;Veronica;officinalis;;20;5;;;;;;;;;;;;;3;;;;3;;;2;;;;;;;;;;;;;;;3;2;2;;;;E M B;;;;;;;;;;;;;;;;;;;;;;;;;;;;;;;;;;;;;;;;;;;;;
253;Pillen-Segge;Plantae;;Carex;pilulifera;;50;4 5;;;;;;;;;;;;;;;;;;;;;;;;;;;;;;;;;;;;;;;;;;;;;;;;;;;;;;;;;;;;;;;;;;;;;;;;;;;;;;;;;;;;;;
254;Hain-Veilchen;Plantae;;Viola;riviniana;;30;5;;;;;x;;;;x;;;;;;;;;;;;;;;;;;;;;;;;;;;;;;;;B I;;;;;;;;;;;;;;;;;;;;;;;;;;;;;;;;;;;;;;;;;;;;;
255;Blutwurz;Plantae;;Potentilla;erecta;;50;4;;;;;;;;;;;;;;;;;;;;;;;;;;;;;;;;;;;;;;;;;B M;;;;;;;;;;;;;;;;;;;;;;;;;;;;;;;;;;;;;;;;;;;;;
256;Berg-Platterbse;Plantae;Fabaceae;Lathyrus;linifolius;;60;4;;;;;;H;;;;;;;;;;;;;;;;;;;;;;;;;;;;;;;;;;;E N;;;;;;;;;;;;;;;;;;;;;;;;;;;;;;;;;;;;;;;;;;;;;
257;Dreizahn;Plantae;; Danthonia;decumbens;;50;4;;;;;;H;;;;;;;;;;;;;;;;;;;;;;;;;;;;;;;;;;;;;;;;;;;;;;;;;;;;;;;;;;;;;;;;;;;;;;;;;;;;;;;;
258;Breitblättriger Dornfarn;Plantae;;Dryopteris;dilatata;;50;4;;;;;;;;;;;;;;;;;;;;;;;;;;;;;;;;;;;;;;;;;;;;;;;;;;;;;;;;;;;;;;;;;;;;;;;;;;;;;;;;;;;;;;
259;Vielblütige Hainsimse;Plantae;;Luzula;multiflora;;40;4;;;;;;;;;;;;;;;;;;;;;;;;;;;;;;;;;;;;;;;;;;;;;;;;;;;;;;;;;;;;;;;;;;;;;;;;;;;;;;;;;;;;;;
